dofs,relError
3.818360e-01, 3.8179
4.213040e-01, 1.8125
4.789960e-01, 0.8528
6.155150e-01, 0.3983
8.584810e-01, 0.1842
3.678173e+00, 0.0857
6.568003e+00, 0.0404

