dofs,relError
9.157683e+00,0.084023592843459
1.041466e+01,0.036958147391853
1.050082e+01,0.020253459668221
