dofs,relError
4.152050e-01, 0.1074
4.752200e-01, 0.0696
5.570920e-01, 0.0422
