time,relError
5.813044e-01, 0.026085859877198
1.732370e+00, 0.057430234981306
1.296246e+00, 0.014406961878365
3.499986e+00, 0.006047768854501
7.063164e+00, 0.001251857395371

