time,relError
1.017839e+00, 0.009016421398460
1.618671e+00, 0.004558697837980
3.499986e+00, 0.005699426454238

